Date,Open,High,Low,Close
2020-04-30T00:00:00,71.07684304002085,72.19707239181942,70.6821931589959,72.01812744140625
2020-05-01T00:00:00,70.16742257459319,73.29278375477158,70.06937352389667,70.85868072509766
2020-05-04T00:00:00,70.88319994998587,71.9911685157096,70.18458825750945,71.86125183105469
2020-05-05T00:00:00,72.32698813519049,73.78303941173561,72.17991081298791,72.93980407714844
2020-05-06T00:00:00,73.65066226444077,74.33211322966906,73.26091225906879,73.69233703613281
2020-05-07T00:00:00,74.32721837683808,74.80521779167223,74.02081041365288,74.45468139648438
2020-05-08T00:00:00,75.1232276630062,76.28089597674987,74.79140980212334,76.22682189941406
2020-05-11T00:00:00,75.7278830115551,77.9276985029795,75.51649975989595,77.4262924194336
2020-05-12T00:00:00,78.11942559185769,78.57659885249326,76.41856314059252,76.54145812988281
2020-05-13T00:00:00,76.72332612236747,77.65733236876112,74.52596352022616,75.61727142333984
2020-05-14T00:00:00,74.8454870640116,76.14325747437685,74.11303044000931,76.0818099975586
2020-05-15T00:00:00,73.82300126905189,75.67871209673726,73.78858708107373,75.63201141357422
2020-05-18T00:00:00,76.9740428498125,77.7925200925643,76.27353998386727,77.41400146484375
2020-05-19T00:00:00,77.4311909211753,78.28899526107325,76.9346980297606,76.9666519165039
2020-05-20T00:00:00,77.83675502823559,78.53479754543307,77.79742773841852,78.4635238647461
2020-05-21T00:00:00,78.32341920782444,78.87153344655218,77.63766320975122,77.8785400390625
2020-05-22T00:00:00,77.61308062306783,78.46351915004809,77.50985305680011,78.37995147705078
2020-05-26T00:00:00,79.51304766611787,79.6949298261745,77.79251804119414,77.84905242919922
2020-05-27T00:00:00,77.70404103419159,78.33571552646426,76.95437716066604,78.18824005126953
2020-05-28T00:00:00,77.8588616202453,79.49828350516614,77.5786650430057,78.2226333618164
2020-05-29T00:00:00,78.46844573848142,78.93544516830048,77.78514994093624,78.1464614868164
2020-06-01T00:00:00,78.0997503254908,79.23038550465778,77.9670216629195,79.10749053955078
2020-06-02T00:00:00,78.83712170387453,79.49829722953896,78.38978222165667,79.47371673583984
2020-06-03T00:00:00,79.79817832990493,80.17669701132881,79.21811005828904,79.91123962402344
2020-06-04T00:00:00,79.73179412641196,80.03411092127435,78.84448863279698,79.22300720214844
2020-06-05T00:00:00,79.4761760414432,81.54080997081543,79.44668244973856,81.47936248779297
2020-06-08T00:00:00,81.17212935272002,81.99552716881985,80.45196661394321,81.96111297607422
2020-06-09T00:00:00,81.63667349860268,84.94745675815876,81.60471960655923,84.54927825927734
2020-06-10T00:00:00,85.51033001565176,87.19890592822108,85.06545076506768,86.72453308105469
2020-06-11T00:00:00,85.85688068554647,86.28701306724135,82.45760922089696,82.56083679199219
2020-06-12T00:00:00,84.72869244702024,85.48572201913193,82.14789856345291,83.27361297607422
2020-06-15T00:00:00,81.90949064097326,84.96465753893055,81.74480809457165,84.30348205566406
2020-06-16T00:00:00,86.38531593031358,86.8129954558279,84.72869440889033,86.53770446777344
2020-06-17T00:00:00,87.29228596392288,87.35373344207585,86.29437951879171,86.41727447509766
2020-06-18T00:00:00,86.37303609974406,86.87444963338878,85.83475557853274,86.45169067382812
2020-06-19T00:00:00,87.1669466478768,87.63885912526696,84.83439505075154,85.95765686035156
2020-06-22T00:00:00,86.35582163566855,88.35163440202372,86.3091209550986,88.20661926269531
2020-06-23T00:00:00,89.46753016434432,91.5272508776146,89.04231090581696,90.0893783569336
2020-06-24T00:00:00,89.71332548794986,90.64487143368324,88.12060402279384,88.4991226196289
2020-06-25T00:00:00,88.65642203263062,89.7133156273272,87.88709842724202,89.67398834228516
2020-06-26T00:00:00,89.5683008074772,89.79197052270077,86.76875016951293,86.91868591308594
2020-06-29T00:00:00,86.8252873285917,89.01773666712795,86.34108089681469,88.921875
2020-06-30T00:00:00,88.50403293554257,89.95419949446043,88.48437304193507,89.6641616821289
2020-07-01T00:00:00,89.74281045029252,90.29337744662892,89.44540676040505,89.49456024169922
2020-07-02T00:00:00,90.41381960276206,91.05778796474394,89.37904618524718,89.49456024169922
2020-07-06T00:00:00,90.94226480016803,92.36293015025306,90.91031091238952,91.88855743408205
2020-07-07T00:00:00,92.2719958507356,93.06097940294391,91.49038569617736,91.60344696044922
2020-07-08T00:00:00,92.59398624132103,93.7688618512424,92.5054979626901,93.73690795898438
2020-07-09T00:00:00,94.64140542435378,94.6954795066353,93.07818513807288,94.13999938964844
2020-07-10T00:00:00,93.72953990927746,94.3636821894249,93.1101519271718,94.3046875
2020-07-13T00:00:00,95.6270408721413,98.2717432319286,93.65334780091924,93.86964416503906
2020-07-14T00:00:00,93.2428640629487,95.61719568223882,92.2965788350205,95.42302703857422
2020-07-15T00:00:00,97.3229888746132,97.57615222924912,94.8650893146862,96.07929229736328
2020-07-16T00:00:00,94.93636861308676,95.76467954815372,94.28993984154266,94.89704132080078
2020-07-17T00:00:00,95.35420363342423,95.51150528367798,94.226021285989,94.70531463623048
2020-07-20T00:00:00,94.79380142649846,96.84122815277856,94.44477644087604,96.7011260986328
2020-07-21T00:00:00,97.5024005252263,97.5785947976653,95.11332228707064,95.36648559570312
2020-07-22T00:00:00,95.06416499740789,96.32506849165485,94.97568422633032,95.6343994140625
2020-07-23T00:00:00,95.36404662151456,95.44270121094762,90.4605412945289,91.28147888183594
2020-07-24T00:00:00,89.45524114844251,91.40435334331688,87.64376320280329,91.05532836914062
2020-07-27T00:00:00,92.13190461867627,93.30678028806612,91.90578206356632,93.21337890625
2020-07-28T00:00:00,92.77833474809066,92.95776411582928,91.67719304776875,91.68211364746094
2020-07-29T00:00:00,92.17122198672034,93.62630164488586,92.1343549981083,93.4394989013672
2020-07-30T00:00:00,92.60134978968604,94.67581725697856,92.18842453576664,94.57012939453124
2020-07-31T00:00:00,101.15239397749968,104.62294672911196,99.12707977188616,104.4705581665039
2020-08-03T00:00:00,106.37789056328624,109.75750247756584,106.07557371626667,107.10297393798828
2020-08-04T00:00:00,107.2946882441005,108.92427683812032,106.56223148136672,107.81822204589844
2020-08-05T00:00:00,107.53555289581038,108.5334593950306,107.06363293761468,108.20901489257812
2020-08-06T00:00:00,108.54574582110612,112.48575803126089,107.94847810168932,111.98434448242188
2020-08-07T00:00:00,111.49926309750906,111.96218248195052,108.63064926963456,109.43829345703124
2020-08-10T00:00:00,110.9033875245234,112.06068610851534,108.3425647692292,111.02896881103516
2020-08-11T00:00:00,110.28286729675744,110.78764207854547,107.46349567264424,107.72696685791016
2020-08-12T00:00:00,108.83255820167284,111.56821166762258,108.63557474059326,111.30720520019533
2020-08-13T00:00:00,112.70580653837192,114.29401292226837,112.2108756391746,113.27706909179688
2020-08-14T00:00:00,113.09978528622024,113.26722198481974,111.3416774076128,113.17611694335938
2020-08-17T00:00:00,114.31370884041188,114.33833365161178,112.24535244505604,112.88063049316406
2020-08-18T00:00:00,112.62947605913652,114.252151183917,112.28967320028816,113.8212432861328
2020-08-19T00:00:00,114.23490817716088,115.39712858660944,113.86802330164984,113.96405029296876
2020-08-20T00:00:00,114.00592594788168,116.60861163313751,113.98868782731864,116.49288177490234
2020-08-21T00:00:00,117.46549260350454,122.98604178882164,117.45318395477696,122.49604034423828
2020-08-24T00:00:00,126.75833265533592,126.84452325801271,122.0700598226194,123.96112823486328
2020-08-25T00:00:00,122.8186095789119,123.29383765661224,121.19839157908142,122.94418334960938
2020-08-26T00:00:00,124.27877360234866,125.07903119711558,123.19780665971788,124.6161117553711
2020-08-27T00:00:00,125.22675637254204,125.56409448194854,121.96662535971328,123.12638854980467
2020-08-28T00:00:00,124.11378633329444,124.53730754977948,122.70041079761836,122.92694854736328
2020-08-31T00:00:00,125.65769477944372,129.02616224998565,124.10149956868848,127.09568786621094
2020-09-01T00:00:00,130.75963131714082,132.76890200300292,128.5632360833583,132.15823364257812
2020-09-02T00:00:00,135.51683864110544,135.90096165705006,125.08640864525402,129.42010498046875
2020-09-03T00:00:00,124.99778088490396,126.8986933002804,118.68436027102528,119.05863189697266
2020-09-04T00:00:00,118.26082385758258,121.83612548897317,109.21914482150156,119.13741302490234
2020-09-08T00:00:00,112.23304230134588,117.19710242508712,110.98218147834314,111.1200714111328
2020-09-09T00:00:00,115.49316781700227,117.3448379033822,113.52330314511146,115.55226135253906
2020-09-10T00:00:00,118.54645608818484,118.6843460135186,110.80488735701944,111.77996826171876
2020-09-11T00:00:00,112.84369955658931,113.49375851750143,108.342558997018,110.31242370605467
2020-09-14T00:00:00,112.99144714319574,114.18321445614652,111.1003787217088,113.6218032836914
2020-09-15T00:00:00,116.54705756638845,117.03952378697038,111.89817524178476,113.7990951538086
2020-09-16T00:00:00,113.49375646029031,114.25215105317012,110.35181990170818,110.44046020507812
2020-09-17T00:00:00,108.06678355311506,110.50941168398354,107.0719997303857,108.67743682861328
2020-09-18T00:00:00,108.73653556395068,109.20929889526153,104.49147192330716,105.23017120361328
2020-09-21T00:00:00,102.96481552366636,108.52968408809878,101.54651071752012,108.4213409423828
2020-09-22T00:00:00,110.9821684379434,111.15945654704704,107.51521015533994,110.12527465820312
2020-09-23T00:00:00,109.93813833819368,110.42075302737994,105.16121100591306,105.50594329833984
2020-09-24T00:00:00,103.58533914770086,108.58879756457208,103.41790244244962,106.58938598632812
2020-09-25T00:00:00,106.79620800493424,110.7457885733727,106.04765736399884,110.58819580078124
2020-09-28T00:00:00,113.27707097306636,113.58239759504754,111.0806685398734,113.22782135009766
2020-09-29T00:00:00,112.82401670805868,113.57255996997851,111.85877958740431,112.37094116210938
2020-09-30T00:00:00,112.07545008209792,115.49316644967608,111.90801339043443,114.06501007080078
2020-10-01T00:00:00,115.86744923242436,115.94624562945192,114.08472395769412,115.03025817871094
2020-10-02T00:00:00,111.18901624379528,113.63165186280158,110.52911334989015,111.31705474853516
2020-10-05T00:00:00,112.1936500416649,114.89236263546428,111.83907378677884,114.74462127685548
2020-10-06T00:00:00,113.95667778430534,114.37035511093798,110.55866394716112,111.4549560546875
2020-10-07T00:00:00,112.8929631515479,113.80895065518864,112.41034082771031,113.34603118896484
2020-10-08T00:00:00,114.49838307536596,114.64612442738292,112.8633918047362,113.2376708984375
2020-10-09T00:00:00,113.5430042820877,115.2370891887104,113.18842802189047,115.2075424194336
2020-10-12T00:00:00,118.25096384653315,123.29381968521284,117.48271789178908,122.52557373046876
2020-10-13T00:00:00,123.38248071113657,123.50067530650824,117.84716533056056,119.27531433105467
2020-10-14T00:00:00,119.17681308758108,121.17622453459168,117.8176091641764,119.36395263671876
2020-10-15T00:00:00,116.93117619544134,119.37380434907249,116.36976502578568,118.89118957519533
2020-10-16T00:00:00,119.45260343985164,119.71853940299452,117.01981914497772,117.22665405273438
2020-10-19T00:00:00,118.1524787704838,118.60554673044874,113.9172743545835,114.23245239257812
2020-10-20T00:00:00,114.44913628024328,117.18725453053884,113.88772514026113,115.7394027709961
2020-10-21T00:00:00,114.91205595654036,116.92131886076204,114.69536963631488,115.10904693603516
2020-10-22T00:00:00,115.68030241256494,116.261416411148,112.86339526823028,114.00592041015624
2020-10-23T00:00:00,114.63627489810976,114.79386768005376,112.5580670514573,113.3066177368164
2020-10-26T00:00:00,112.2921443232474,114.793873505278,111.17916590899272,113.31647491455078
2020-10-27T00:00:00,113.74984119107069,115.51287109529912,112.81415841339827,114.8431167602539
2020-10-28T00:00:00,113.31647857737264,113.6907501939238,109.42599098737293,109.52448272705078
2020-10-29T00:00:00,110.67684262148566,115.16813139794866,110.50939842349956,113.58238983154295
2020-10-30T00:00:00,109.38659009866927,110.30257753258068,106.09691948480902,107.21974182128906
2020-11-02T00:00:00,107.46596916288608,109.0123126496967,105.70293935706138,107.13108825683594
2020-11-03T00:00:00,108.00768627303448,109.81010678200512,107.091698877076,108.77593231201172
2020-11-04T00:00:00,112.42017899459792,113.84832791114498,110.65714916806782,113.2179718017578
2020-11-05T00:00:00,116.17277479443634,117.8176176306856,115.1090535022364,117.23650360107422
2020-11-06T00:00:00,116.7382380100984,117.60647101451612,114.57751263056002,117.1032943725586
2020-11-09T00:00:00,118.88912020920492,120.35919933897384,114.4986121419007,114.76499938964844
2020-11-10T00:00:00,114.00527142788566,116.01799303891376,112.6042489943649,114.4196548461914
2020-11-11T00:00:00,115.62335297980457,118.03072882706748,114.88337932225464,117.8926010131836
2020-11-12T00:00:00,118.02087847809211,118.91870934857046,116.9849122539844,117.6163558959961
2020-11-13T00:00:00,117.84328919230472,118.07021026128808,116.29427776994004,117.66569519042967
2020-11-16T00:00:00,117.33022371527612,119.37255075045852,116.57052072349973,118.69178009033205
2020-11-17T00:00:00,117.95179470132967,119.05681712505807,117.36967822248644,117.79393005371094
2020-11-18T00:00:00,117.0243736790068,118.2181970015254,116.42252780595338,116.4521255493164
2020-11-19T00:00:00,116.01800416440535,117.4683537949569,115.24843273449676,117.05397033691406
2020-11-20T00:00:00,117.05397112262328,117.18223051933508,115.72201998288698,115.77134704589844
2020-11-23T00:00:00,115.6134957224876,116.04761605227873,112.2293489006937,112.32801055908205
2020-11-24T00:00:00,112.38720547950258,114.30126560203118,111.08484458395316,113.63035583496094
2020-11-25T00:00:00,114.00528761111684,115.18924255359777,113.63036277498972,114.47886657714844
2020-11-27T00:00:00,115.01164275080842,115.91934199602711,114.66632320397538,115.0313720703125
2020-11-30T00:00:00,115.40630803600232,119.3528347293978,115.2484433551134,117.45850372314452
2020-12-01T00:00:00,119.39230556124195,121.81941866915751,118.40567384937046,121.0794448852539
2020-12-02T00:00:00,120.38878150046465,121.72074014897908,119.27389053029192,121.4346160888672
2020-12-03T00:00:00,121.86873414790963,122.12526047627186,120.57624913704936,121.29649353027344
2020-12-04T00:00:00,120.96102693565436,121.21755324719868,119.8954630514563,120.61570739746094
2020-12-07T00:00:00,120.67491301315071,122.90470261860384,120.61571752374822,122.09566497802734
2020-12-08T00:00:00,122.70737848331622,123.30922437956488,121.44448367440954,122.7172393798828
2020-12-09T00:00:00,122.86523744881764,124.26625257701626,119.3824289491483,120.1520004272461
2020-12-10T00:00:00,118.88910742335024,122.21405861468118,118.5437878699246,121.59247589111328
2020-12-11T00:00:00,120.79329651792368,121.1188867240062,118.93843198211596,120.77356719970705
2020-12-14T00:00:00,120.96103807440042,121.7010118075563,119.91521094030878,120.1520004272461
2020-12-15T00:00:00,122.67777889862523,126.19019278146928,122.47058715009211,126.1704559326172
2020-12-16T00:00:00,125.70673278581856,126.65389066865022,124.86808992380028,126.10137939453124
2020-12-17T00:00:00,127.17681550940384,127.84773286964229,126.32831167589327,126.9794921875
2020-12-18T00:00:00,127.2360221262527,127.37414995280048,124.43398437185112,124.96676635742188
2020-12-21T00:00:00,123.34869076140907,126.59470992978858,121.79967930682334,126.51577758789062
2020-12-22T00:00:00,129.8505791426059,132.613150498777,127.91677467684534,130.11697387695312
2020-12-23T00:00:00,130.39322913993098,130.6596088187254,129.0316727846599,129.2092742919922
2020-12-24T00:00:00,129.5644906624793,131.6758820383057,129.34743046970038,130.20579528808594
2020-12-28T00:00:00,132.1987686864695,135.50397539314727,131.72517469626854,134.8626708984375
2020-12-29T00:00:00,136.20449771275418,136.9345954741255,132.54408779024394,133.06700134277344
2020-12-30T00:00:00,133.76753928771723,134.17206193293495,131.6166741667789,131.93240356445312
2020-12-31T00:00:00,132.2875703130068,132.9387507997743,129.95911907182915,130.91615295410156
2021-01-04T00:00:00,131.7350253389974,131.82381854955065,125.06539513968444,127.67996978759766
2021-01-05T00:00:00,127.16693668233036,129.97884255110435,126.71307955662,129.2585906982422
2021-01-06T00:00:00,126.01259238604555,129.29807750482786,124.6905020939119,124.90756225585938
2021-01-07T00:00:00,126.6440254633426,129.87031482433989,126.15070969183608,129.1697998046875
2021-01-08T00:00:00,130.65963884143792,130.85697724044064,128.48905194566322,130.28472900390625
2021-01-11T00:00:00,127.46293656114084,128.42983129671572,126.7821583603982,127.2557373046875
2021-01-12T00:00:00,126.78215540934129,127.9562493740406,125.16408025377994,127.0781478881836
2021-01-13T00:00:00,127.03868283035014,129.69272431486212,126.77230313060792,129.1402130126953
2021-01-14T00:00:00,129.0514245249651,129.24874784659443,127.03868750185435,127.18669128417967
2021-01-15T00:00:00,127.0584210471404,128.4791730136214,125.3022179371303,125.44034576416016
2021-01-19T00:00:00,126.07178967464868,126.98936492776332,125.24302271072868,126.12112426757812
2021-01-20T00:00:00,126.94004006875022,130.7188413438869,126.83150997790486,130.26498413085938
2021-01-21T00:00:00,132.01131663365857,137.80283955128743,131.80411736484547,135.04026794433594
2021-01-22T00:00:00,134.45818056951023,137.98046332364834,133.21502992059436,137.2108917236328
2021-01-25T00:00:00,141.15737265092605,143.15035739515338,134.7146552552316,141.00936889648438
2021-01-26T00:00:00,141.6802903154515,142.37092935884672,139.48009121711814,141.2461700439453
2021-01-27T00:00:00,141.512553798111,142.37093347058024,138.53293740272437,140.16087341308594
2021-01-28T00:00:00,137.65483133767867,140.091812351353,134.87252327647565,135.25730895996094
2021-01-29T00:00:00,134.014182627843,134.91202106796626,128.4693174150815,130.1959228515625
2021-02-01T00:00:00,131.96198549220628,133.57019992733098,129.17967696430745,132.34677124023438
2021-02-02T00:00:00,133.91552266161028,134.4877708808344,132.81049992369103,133.1854248046875
2021-02-03T00:00:00,133.94509087446113,133.95496682481854,131.82383911034415,132.14942932128906
2021-02-04T00:00:00,134.47788938379244,135.56317510520327,132.790742732551,135.55331420898438
2021-02-05T00:00:00,135.71635577496485,135.78551535000062,134.24407250863212,135.13336181640625
2021-02-08T00:00:00,134.41206281608652,135.3310092693886,133.31526451348168,135.28160095214844
2021-02-09T00:00:00,134.9950334557426,136.24005663349345,134.23420271078444,134.3922882080078
2021-02-10T00:00:00,134.85667956415455,135.3606231873269,132.80141762684195,133.77964782714844
2021-02-11T00:00:00,134.28361220916355,134.76778962328856,132.17895648048287,133.5227813720703
2021-02-12T00:00:00,132.75203055680043,133.91798825412587,132.0998770596697,133.7598876953125
2021-02-16T00:00:00,133.8784661575548,134.39227034049642,131.21056831838723,131.60581970214844
2021-02-17T00:00:00,129.68889472321578,130.6473586180208,127.93006749048676,129.2837677001953
2021-02-18T00:00:00,127.66330781573812,128.45379572798632,125.89460449318912,128.16725158691406
2021-02-19T00:00:00,128.69094214620802,129.15535321309275,127.26806696914012,128.32533264160156
2021-02-22T00:00:00,126.48743794571574,128.17710576376632,124.10610651287078,124.50135040283205
2021-02-23T00:00:00,122.2880007568562,125.20291044344674,116.98186881920896,124.36302185058594
2021-02-24T00:00:00,123.45395794033156,124.06657879534052,120.77619176092296,123.85907745361328
2021-02-25T00:00:00,123.19705497811776,124.95588243189756,119.10629678781062,119.55094146728516
2021-02-26T00:00:00,121.13190899436692,123.36503062966244,119.75844227930936,119.81773376464844
2021-03-01T00:00:00,122.2781235934442,126.40840718081326,121.32954269081196,126.27007293701172
2021-03-02T00:00:00,126.8826823683044,127.18899278525213,123.52312079711244,123.6318130493164
2021-03-03T00:00:00,123.32549901687776,124.21479586381392,120.39082319131344,120.60820770263672
2021-03-04T00:00:00,120.30189858754268,122.12989307477736,117.20912969916505,118.70116424560548
2021-03-05T00:00:00,119.54106095770466,120.48964176355658,116.17161605501651,119.97582244873048
2021-03-08T00:00:00,119.49165724001348,119.56082435751726,114.8277957778998,114.97601318359376
2021-03-09T00:00:00,117.61426134467116,120.60822145520623,117.37711800466414,119.6497573852539
2021-03-10T00:00:00,120.24261590342388,120.7169025394978,118.0292531395783,118.5529556274414
2021-03-11T00:00:00,121.08250266795024,121.74453183779468,119.81772827223251,120.5093994140625
2021-03-12T00:00:00,118.96795769736715,119.72879596064368,117.74270843214974,119.59046173095705
2021-03-15T00:00:00,119.96594361024631,122.52513432971008,118.98771331962472,122.51525115966795
2021-03-16T00:00:00,124.20491284945795,125.7068380903118,123.23657325608512,124.0764617919922
2021-03-17T00:00:00,122.57455342636572,124.36302289020664,120.88488551703963,123.27610778808594
2021-03-18T00:00:00,121.41846020582284,121.71489501552064,118.8889113073631,119.0964126586914
2021-03-19T00:00:00,118.47390214909127,119.98570301114152,118.2565176389782,118.56282806396484
2021-03-22T00:00:00,118.8987919736577,122.39668797662458,118.82962485800512,121.92239379882812
2021-03-23T00:00:00,121.8631165578221,122.76228911077312,120.68726798838937,121.08251190185548
2021-03-24T00:00:00,121.3591688320155,121.438219114917,118.64187755113863,118.66163635253906
2021-03-25T00:00:00,118.11819389144078,120.21298135633394,117.58461573891184,119.15570068359376
2021-03-26T00:00:00,118.91855405356732,120.03511864385628,117.5055621903042,119.76832580566406
2021-03-29T00:00:00,120.20309955792614,121.12203846355504,119.2940438233784,119.9461898803711
2021-03-30T00:00:00,118.68140882004528,118.96796045637024,117.44627635587752,118.47390747070312
2021-03-31T00:00:00,120.203082980481,122.05083616934196,119.70903003566904,120.69713592529295
2021-04-01T00:00:00,122.18918663321244,122.7029984154108,121.03309693062825,121.53703308105467
2021-04-05T00:00:00,122.3966957241103,124.65945942033107,121.60620789062988,124.40254974365234
2021-04-06T00:00:00,124.99540631377286,125.61791036648069,124.15551773955268,124.70885467529295
2021-04-07T00:00:00,124.33338213446967,126.39852009487036,123.6515865692414,126.3787612915039
2021-04-08T00:00:00,127.41626099132044,128.83913599127877,126.9913826640748,128.8094940185547
2021-04-09T00:00:00,128.25613991685626,131.4575931607637,127.93006318325486,131.41807556152344
2021-04-12T00:00:00,130.94379038467568,131.2698671217647,129.07627094665588,129.67901611328125
2021-04-13T00:00:00,130.8647638721814,133.0583604456321,130.36082015185002,132.83108520507812
2021-04-14T00:00:00,133.33501713028667,133.39430107395154,130.0940308733406,130.45962524414062
2021-04-15T00:00:00,132.2283181084396,133.39427565110216,132.0504512340436,132.9002227783203
2021-04-16T00:00:00,132.70263476979997,133.06822915391788,131.69476245888234,132.56430053710938
2021-04-19T00:00:00,131.92203840690274,133.8587329737753,131.7540621811861,133.23622131347656
2021-04-20T00:00:00,133.4140805719888,133.91800922013917,130.24225357740283,131.52679443359375
2021-04-21T00:00:00,130.78569975052002,132.1591663717777,129.73830989108174,131.91213989257812
2021-04-22T00:00:00,131.45763525514351,132.55443368217553,129.84703248696917,130.3707275390625
2021-04-23T00:00:00,130.5880994190231,133.51288488894076,130.5880994190231,132.722412109375
2021-04-26T00:00:00,133.22633752981562,133.45359769455203,131.97143865293808,133.11764526367188
2021-04-27T00:00:00,133.40417050842936,133.79942191000117,132.51488124016657,132.7915496826172
2021-04-28T00:00:00,132.7125088064057,133.4140706705968,131.4971426997117,131.99119567871094
2021-04-29T00:00:00,134.84680641826998,135.43967595858533,130.87461668367416,131.89236450195312
2021-04-30T00:00:00,130.21257883252144,131.97140591946933,129.5110321701208,129.89639282226562
2021-05-03T00:00:00,130.4695090139606,132.47537805597557,130.2620151981907,130.96356201171875
2021-05-04T00:00:00,129.62963136420515,129.92606618609543,125.19302990014108,126.32935333251952
2021-05-05T00:00:00,127.66328536420431,128.8984177982181,126.44791927077884,126.57637786865234
2021-05-06T00:00:00,126.36886689348935,128.2067445279649,125.61790427522033,128.19686889648438
2021-05-07T00:00:00,129.5132984660394,129.91909860337248,128.15728352947872,128.8798370361328
2021-05-10T00:00:00,128.08798336821943,128.21664505069202,125.51453827803982,125.55413055419922
2021-05-11T00:00:00,122.23836491615364,124.98006419122788,121.51581903166078,124.62374877929688
2021-05-12T00:00:00,122.1393923481443,123.36672284831488,121.00113881626868,121.5158233642578
2021-05-13T00:00:00,123.30734405781504,124.86130528509844,122.9906133475234,123.693359375
2021-05-14T00:00:00,124.96025695945065,126.58350246554023,124.56434176374373,126.1479949951172
2021-05-17T00:00:00,125.52445645839092,125.63333334577224,123.89131069912692,124.98007202148438
2021-05-18T00:00:00,125.26709996756593,125.6927075232993,123.50528510244554,123.57456970214844
2021-05-19T00:00:00,121.90183759429384,123.64385251926716,121.60489928473106,123.41620635986328
2021-05-20T00:00:00,123.95069194397722,126.4152527511312,123.8220151512858,126.00943756103516
2021-05-21T00:00:00,126.51423511162886,126.69239659640076,123.93089735816396,124.14865112304688
2021-05-24T00:00:00,124.72272107998393,126.63300507066651,124.65343648141842,125.80158233642578
2021-05-25T00:00:00,126.5142298159894,127.00912952093384,125.029553355521,125.60363006591795
2021-05-26T00:00:00,125.66300742577396,126.0886149551694,125.1285230248038,125.55413055419922
2021-05-27T00:00:00,125.14832118484922,126.3360592471689,123.8022140201112,124.00016784667967
2021-05-28T00:00:00,124.28721288542458,124.51486659456722,123.2776362331405,123.33702087402344
2021-06-01T00:00:00,123.80223705062495,124.06947552135132,122.67388341608108,123.01040649414062
2021-06-02T00:00:00,123.01039436361916,123.96058640682482,122.78274819831168,123.7824249267578
2021-06-03T00:00:00,123.40630760658274,123.5745691262978,121.8721389112974,122.2779541015625
2021-06-04T00:00:00,122.8025432959107,124.87119650226568,122.58478953193068,124.60395050048828
2021-06-07T00:00:00,124.88109191133752,125.02956107684425,123.55478448277674,124.61385345458984
2021-06-08T00:00:00,125.30669751839685,127.14770456965071,124.92068222503153,125.4452667236328
2021-06-09T00:00:00,125.9104528624722,126.44493726078626,125.2274993171618,125.83126831054688
2021-06-10T00:00:00,125.72240085316918,126.88045424528792,124.65343952795544,124.82170104980467
2021-06-11T00:00:00,125.23741126236165,126.13811863595954,124.81180369433996,126.04903411865234
2021-06-14T00:00:00,126.5142266855342,129.20643359067904,125.77188847366834,129.1470489501953
2021-06-15T00:00:00,128.61256634383574,129.26582756582545,128.06818199217767,128.3156280517578
2021-06-16T00:00:00,129.03817306357175,129.55286512322317,127.1476965477483,128.82041931152344
2021-06-17T00:00:00,128.47400348532724,131.19591027483455,128.3255267805174,130.44366455078125
2021-06-18T00:00:00,129.37471964824556,130.16653504967778,128.90951979330322,129.1272735595703
2021-06-21T00:00:00,128.96890239135024,131.05734795074156,127.89004108654656,130.94847106933594
2021-06-22T00:00:00,130.78020569591038,132.71028207957275,130.27540603201484,132.61129760742188
2021-06-23T00:00:00,132.4034596358875,132.94784406092427,131.86896761752013,132.33416748046875
2021-06-24T00:00:00,133.07648810539354,133.26454952754088,131.5720118311236,132.047119140625
2021-06-25T00:00:00,132.09664423454194,132.5222443144064,131.4532752564672,131.75021362304688
2021-06-28T00:00:00,132.04715254631546,133.8683523847434,131.9877678933317,133.4031524658203
2021-06-29T00:00:00,133.42291770780122,135.0956554790248,132.97751782326986,134.93728637695312
2021-06-30T00:00:00,134.77892923800377,136.00626723363584,134.48199092099003,135.5608673095703
2021-07-01T00:00:00,135.2045373911547,135.92707567980344,134.37310712572545,135.86769104003906
2021-07-02T00:00:00,136.49124412959276,138.56979712767154,136.34278253097682,138.53021240234375
2021-07-06T00:00:00,138.639106808964,141.6876294407514,138.639106808964,140.56918334960938
2021-07-07T00:00:00,142.07363265963576,143.4098475141036,141.20263274020164,143.09312438964844
2021-07-08T00:00:00,140.1336423021258,142.5883027746441,139.23293509750354,141.7766876220703
2021-07-09T00:00:00,141.29170254583394,144.16207084710751,141.19271807906898,143.62759399414062
2021-07-12T00:00:00,144.71637206086018,144.82524894016785,142.52894206855535,143.02383422851562
2021-07-13T00:00:00,142.55862267508303,145.95359046694026,142.1627150208128,144.1521759033203
2021-07-14T00:00:00,146.58708119666323,148.0420655276415,146.17135844245922,147.6263427734375
2021-07-15T00:00:00,147.71542633680068,148.46765702869808,145.58738085764267,146.9631805419922
2021-07-16T00:00:00,146.9433921160241,148.2300996963115,144.38974666556007,144.89453125
2021-07-19T00:00:00,142.2815042049239,142.59824245498606,140.22275088825288,140.99478149414062
2021-07-20T00:00:00,141.99447510171365,145.59728967382344,141.49958290717709,144.656982421875
2021-07-21T00:00:00,144.04331913588956,144.6371958030862,143.1525192380056,143.91464233398438
2021-07-22T00:00:00,144.44912364016224,146.68603072857414,144.320446847802,145.3003387451172
2021-07-23T00:00:00,146.04266650203436,147.20071224152062,145.4190976027307,147.04234313964844
2021-07-26T00:00:00,146.7553106955236,148.29937166401854,146.19112644008428,147.46795654296875
2021-07-27T00:00:00,147.59664467517854,147.68573674925847,144.0631222259567,145.27066040039062
2021-07-28T00:00:00,143.3306855972802,145.46862366096605,141.0838706386035,143.4989471435547
2021-07-29T00:00:00,143.21188389724688,145.0528831851303,143.10300702688625,144.1521759033203
2021-07-30T00:00:00,142.90505759270988,144.83513389669906,142.63781161126235,144.36993408203125
2021-08-02T00:00:00,144.86483194217857,145.4488010592775,143.7661707560367,144.03341674804688
2021-08-03T00:00:00,144.3204455805854,146.52766032875047,143.69687664205014,145.8546142578125
2021-08-04T00:00:00,145.76554500311417,146.28022198942892,144.78565306259276,145.4488067626953
2021-08-05T00:00:00,145.4784936655013,146.32970877627926,144.67677079080897,145.55767822265625
2021-08-06T00:00:00,145.07198811409094,145.82534588289414,144.3582743855237,144.8638153076172
2021-08-09T00:00:00,144.9232947827191,145.41892849615215,144.2492401927096,144.8142547607422
2021-08-10T00:00:00,145.16116726509495,146.4200808102231,144.03112329265593,144.32850646972656
2021-08-11T00:00:00,144.77460115331712,145.43874847037085,144.2591378902532,144.5862579345703
2021-08-12T00:00:00,144.9133641202077,147.74838910762438,144.56641452669234,147.58978271484375
2021-08-13T00:00:00,147.6690735412031,148.13497032750732,146.97518953783617,147.79794311523438
2021-08-16T00:00:00,147.24283680081024,149.86970419819156,145.19092137301084,149.80030822753906
2021-08-17T00:00:00,148.9180772629761,150.35541177479374,147.7880331837943,148.87843322753906
2021-08-18T00:00:00,148.4918405008644,149.40380457683918,144.8737058795701,145.08187866210938
2021-08-19T00:00:00,143.7635001630919,146.70756535354053,143.23812968639598,145.41891479492188
2021-08-20T00:00:00,146.15245406128895,147.20319498588313,145.49821400900018,146.89590454101562
2021-08-23T00:00:00,147.01485037607586,148.8784377343305,146.59851992646253,148.4026336669922
2021-08-24T00:00:00,148.14490189352145,149.54259248206685,147.84751866449528,148.31341552734375
2021-08-25T00:00:00,148.50175721984087,149.0073132416609,146.50931531922194,147.06442260742188
2021-08-26T00:00:00,147.0545108784941,147.81777581363892,146.22183484613993,146.25157165527344
2021-08-27T00:00:00,146.19210790359497,147.45102170218664,145.5477901614988,147.30233764648438
2021-08-30T00:00:00,147.69882067255068,152.1496160829776,147.3122270489662,151.7828369140625
2021-08-31T00:00:00,151.32687356842587,151.4656503889995,149.96882704687786,150.50411987304688
2021-09-01T00:00:00,151.49537439876852,153.62659291869647,151.0096480050307,151.17816162109375
2021-09-02T00:00:00,152.52629229300254,153.3688755354139,151.06912817410287,152.30821228027344
2021-09-03T00:00:00,152.4172371561978,153.27964989384705,151.75308995628478,152.95252990722656
2021-09-07T00:00:00,153.61667453114768,155.8866696950077,153.04173775753492,155.3216552734375
2021-09-08T00:00:00,155.60914299322587,155.6686166136142,152.63534096949593,153.75547790527344
2021-09-09T00:00:00,154.13214598173397,154.74672681995065,152.60558598769336,152.72454833984375
2021-09-10T00:00:00,153.64642291663804,154.12222695890674,147.40143625040264,147.66908264160156
2021-09-13T00:00:00,149.3146043564011,150.09769890024648,147.45101691587993,148.24403381347656
2021-09-14T00:00:00,149.03702904821466,149.75074263975785,145.62706747207207,146.8264923095703
2021-09-15T00:00:00,147.2626645701246,148.13498461594702,145.0917868087046,147.7285614013672
2021-09-16T00:00:00,147.1437119027383,147.66908233124153,145.93436465679636,147.4906463623047
2021-09-17T00:00:00,147.52040756372108,147.52040756372108,144.48711690551627,144.7845001220703
2021-09-20T00:00:00,142.54424772680466,143.5751591139162,140.03634254536453,141.69175720214844
2021-09-21T00:00:00,142.6730933603061,143.33725575308227,141.53314203045025,142.17745971679688
2021-09-22T00:00:00,143.1885715581968,145.15127675658624,142.445121015189,144.57635498046875
2021-09-23T00:00:00,145.369324054348,145.79557680162475,144.36814966043033,145.54776000976562
2021-09-24T00:00:00,144.3880020253185,146.1821934614405,144.28886924271572,145.63699340820312
2021-09-27T00:00:00,144.1996424148838,144.68536879353687,142.56405756671427,144.1005096435547
2021-09-28T00:00:00,141.99904039842522,143.4859413450056,140.45266583406783,140.67074584960938
2021-09-29T00:00:00,141.225845822947,143.1885507359227,140.78968581438843,141.58270263671875
2021-09-30T00:00:00,142.40545358647702,143.11916720058915,140.0462327439654,140.26431274414062
2021-10-01T00:00:00,140.66081592415352,141.67191274854903,137.89518696763196,141.40426635742188
2021-10-04T00:00:00,140.52202660791457,140.96810892860262,137.06251391336127,137.92491149902344
2021-10-05T00:00:00,138.27186803066658,140.99785284757138,138.14299845369553,139.87771606445312
2021-10-06T00:00:00,138.25205879864728,140.90864804184758,137.16165866119078,140.7599639892578
2021-10-07T00:00:00,141.8106937924137,142.96056746033472,141.473666549397,142.03868103027344
2021-10-08T00:00:00,142.77220580677934,142.9208898284424,141.31504189233647,141.65206909179688
2021-10-11T00:00:00,141.02760378002623,143.54541608060552,140.57161416428707,141.56288146972656
2021-10-12T00:00:00,141.97919648829156,141.9990260673955,139.8083189052905,140.2742156982422
2021-10-13T00:00:00,140.00659388931703,140.16518515623503,137.98440019934696,139.67947387695312
2021-10-14T00:00:00,140.86899268745464,142.62353999477415,140.27422627379232,142.50457763671875
2021-10-15T00:00:00,142.51450140936703,143.6346231529838,142.2567622356282,143.5751495361328
2021-10-18T00:00:00,142.1972983193627,145.5576940305332,141.90983744312638,145.27023315429688
2021-10-19T00:00:00,145.72617425895518,147.86731487405734,145.27019985282575,147.4608917236328
2021-10-20T00:00:00,147.40143573379245,148.44226936210674,146.82649891886132,147.95654296875
2021-10-21T00:00:00,147.5104895421514,148.33324324437865,146.57869582817025,148.1746368408203
2021-10-22T00:00:00,148.38280784933752,148.86851915676957,147.34197413613626,147.39154052734375
2021-10-25T00:00:00,147.3815934938946,148.06557025162076,146.3308527286199,147.34194946289062
2021-10-26T00:00:00,148.0259442148759,149.5227523571978,147.70873142613738,148.0160369873047
2021-10-27T00:00:00,148.05568124744676,148.42244530013537,147.193283555757,147.55014038085938
2021-10-28T00:00:00,148.5116706292052,151.83240693024038,148.41253785133745,151.23765563964844
2021-10-29T00:00:00,145.93436523686793,148.63061335733727,145.13144118730497,148.49183654785156
2021-11-01T00:00:00,147.68891649565623,148.39270778940497,146.50930602033117,147.6591796875
2021-11-02T00:00:00,147.3618062339692,150.24639782035564,147.35188388023488,148.70993041992188
2021-11-03T00:00:00,149.07668369619415,150.64288779329823,148.5116692192192,150.16708374023438
2021-11-04T00:00:00,150.2563045406931,151.09887270060366,149.32451082517144,149.6417236328125
2021-11-05T00:00:00,150.78332100696807,151.09105990733443,148.96665266379824,150.17776489257812
2021-11-08T00:00:00,150.30683641841384,150.46567430022705,149.06594386852456,149.34390258789062
2021-11-09T00:00:00,149.10562555246344,150.32665941469958,148.9666462116204,149.711181640625
2021-11-10T00:00:00,148.92694464468047,149.0361437804101,146.77275728311602,146.8422393798828
2021-11-11T00:00:00,147.87467222431246,148.34123383102323,146.6039844705984,146.7926025390625
2021-11-12T00:00:00,147.34853963244728,149.3041875288856,146.40546431151446,148.89718627929688
2021-11-15T00:00:00,149.27440383603175,150.77341171572604,148.34125022426247,148.9071044921875
2021-11-16T00:00:00,148.84752124548575,150.38623078543824,148.25188685982295,149.89979553222656
2021-11-17T00:00:00,149.8998103313401,153.87066623415706,149.88988864472378,152.37167358398438
2021-11-18T00:00:00,152.5900782798707,157.5139313235228,151.9348833929578,156.71975708007812
2021-11-19T00:00:00,156.50135411157177,159.84681055070544,155.38951929251502,159.38023376464844
2021-11-22T00:00:00,160.5019967628405,164.4927113964006,159.8269584947113,159.84681701660156
2021-11-23T00:00:00,159.94606748326052,160.62112084900093,157.90107916084563,160.2339630126953
2021-11-24T00:00:00,159.57876928078093,160.95864108109905,158.47685617782096,160.76010131835938
2021-11-26T00:00:00,158.4073963403036,159.28097444865577,155.22077741168854,155.66749572753906
2021-11-29T00:00:00,158.20880786303795,160.01555441438796,157.63303198890262,159.07247924804688
2021-11-30T00:00:00,158.8243031588481,164.31400984323616,158.7548059146247,164.09561157226562
2021-12-01T00:00:00,166.25973495812315,169.05919568337487,163.33123171442875,163.56948852539062
2021-12-02T00:00:00,157.5834055057856,163.00361476463405,156.65025204242045,162.5668182373047
2021-12-03T00:00:00,162.82496746429317,163.75812112208774,158.55629389545348,160.6608428955078
2021-12-06T00:00:00,163.09296920489913,166.65682381996857,163.0830475184774,164.115478515625
2021-12-07T00:00:00,167.84806445951105,170.3298491567224,167.11345073599628,169.93275451660156
2021-12-08T00:00:00,170.8758638264993,174.67796022325538,169.45627494503262,173.8043670654297
2021-12-09T00:00:00,173.63561820816557,175.46220842565586,172.65282584503066,173.2881622314453
2021-12-10T00:00:00,173.93343449223727,178.32122875349512,173.41721894749685,178.1425323486328
2021-12-13T00:00:00,179.80035524072528,180.8030060774729,174.2510876035614,174.45956420898438
2021-12-14T00:00:00,173.97314009385295,176.44500357172282,170.95529599768886,173.05984497070312
2021-12-15T00:00:00,173.83416267755962,178.19217687089304,171.05456023166622,177.99363708496094
2021-12-16T00:00:00,177.9737700610083,179.82021876244747,169.50592059813462,171.00491333007812
2021-12-17T00:00:00,168.6918758504232,172.2060917493715,168.45363419463885,169.89306640625
2021-12-20T00:00:00,167.05390808365647,169.33715327730778,166.23989049320429,168.51319885253906
2021-12-21T00:00:00,170.31001011312745,171.93806045476464,167.88778554804475,171.72959899902344
2021-12-22T00:00:00,171.77922800652158,174.57868882438012,170.8957131312795,174.36029052734375
2021-12-23T00:00:00,174.56876098322488,175.56147497198907,173.99298505202808,174.99562072753906
2021-12-27T00:00:00,175.7997295274217,179.1054691701526,175.77988615247278,179.01612854003906
2021-12-28T00:00:00,178.84735984437765,180.0088334194508,177.22923115932716,177.9836883544922
2021-12-29T00:00:00,178.02340509325785,179.31393633478197,176.84207299865378,178.0730438232422
2021-12-30T00:00:00,178.16237757130338,179.2543689983513,176.79242744420927,176.90162658691406
2021-12-31T00:00:00,176.7924302251107,177.92412356384662,175.96847579858,176.27622985839844
2022-01-03T00:00:00,176.53434609678268,181.5475552141946,176.4152252548022,180.6838836669922
2022-01-04T00:00:00,181.2993611666295,181.6071000804642,177.81492536099736,178.3907012939453
2022-01-05T00:00:00,178.3013696085623,178.85728704821162,173.3675796102535,173.64553833007812
2022-01-06T00:00:00,171.44170769541878,174.0227701984993,170.38943326108424,170.74681091308594
2022-01-07T00:00:00,171.63034375776877,172.87123640890297,169.78389488697647,170.91558837890625
2022-01-10T00:00:00,167.8480836818823,171.24316371876682,166.94471031321402,170.9354248046875
2022-01-11T00:00:00,171.0644819080856,173.9036293757923,169.57541092412643,173.8043670654297
2022-01-12T00:00:00,174.83678098570869,175.8890553789366,173.54626493219564,174.25108337402344
2022-01-13T00:00:00,174.49926440259577,175.3331405209295,170.5383301190904,170.9354248046875
2022-01-14T00:00:00,170.09161485236655,172.5138394605897,169.84343634984555,171.80902099609375
2022-01-18T00:00:00,170.26038351746837,171.28287779070223,168.1756930734251,168.56285095214844
2022-01-19T00:00:00,168.76136503516736,169.83349787781012,164.73094897618074,165.01882934570312
2022-01-20T00:00:00,165.76339107169383,168.4437160296255,162.98378864777357,163.31138610839844
2022-01-21T00:00:00,163.22203425958355,165.11812163730272,161.11748542427597,161.2266845703125
2022-01-24T00:00:00,158.85411041728042,161.1174972949673,153.57286427093453,160.44244384765625
2022-01-25T00:00:00,157.82167048192707,161.5741282615252,155.87595948756484,158.6158447265625
2022-01-26T00:00:00,162.30874251488996,163.19225738811843,156.6701341436371,158.52650451660156
2022-01-27T00:00:00,161.26638318190655,162.64625500957473,157.12676769890203,158.05992126464844
2022-01-28T00:00:00,164.50264025953007,169.10883251995136,161.61383894285115,169.08897399902344
2022-01-31T00:00:00,168.92021233808782,173.7249443051576,168.27493917067227,173.5065460205078
2022-02-01T00:00:00,172.7421645894194,173.5661190600572,171.05455375150729,173.33779907226562
2022-02-02T00:00:00,173.47676802891397,174.59853967370483,172.06711599483322,174.55882263183594
2022-02-03T00:00:00,173.20873345875123,174.9559197829358,170.865927826642,171.64024353027344
2022-02-04T00:00:00,170.64628857823388,173.05173083924475,169.65230968809902,171.35202026367188
2022-02-07T00:00:00,171.81917533074096,172.90260857862145,169.920672189797,170.62640380859375
2022-02-08T00:00:00,170.69597292451732,174.29418644863887,170.3977762548955,173.77731323242188
2022-02-09T00:00:00,174.98995603651943,175.58633416614745,173.84687141263714,175.21856689453125
2022-02-10T00:00:00,173.09145949245777,174.4233873818168,170.51705816147754,171.0836181640625
2022-02-11T00:00:00,171.29235670160688,172.03784075058954,167.0281794479554,167.62457275390625
2022-02-14T00:00:00,166.3622262321231,168.55892604471177,165.55710583407395,167.86314392089844
2022-02-15T00:00:00,169.9405394082343,171.90861298583008,169.2248735314883,171.74957275390625
2022-02-16T00:00:00,170.815250030081,172.29626862413235,169.02608529094385,171.5110321044922
2022-02-17T00:00:00,170.00019226552067,170.87489845940758,167.45560897448178,167.86314392089844
2022-02-18T00:00:00,168.7974945069253,169.51314532078507,165.18934645110272,166.29266357421875
2022-02-22T00:00:00,163.98662669784932,165.68633720760627,161.17366472766102,163.3306121826172
2022-02-23T00:00:00,164.54325150636294,165.14957920914725,158.78812066101142,159.106201171875
2022-02-24T00:00:00,151.66127394768714,161.86943958353658,151.0847644737448,161.76010131835938
2022-02-25T00:00:00,162.85347834975738,164.12576996444983,159.9013601838302,163.85740661621094
2022-02-28T00:00:00,162.07816918366566,164.4239595916452,161.45195773075352,164.12576293945312
2022-03-01T00:00:00,163.70829907568702,165.59686782372285,160.99474130203532,162.2173309326172
2022-03-02T00:00:00,163.40018137838788,166.35229975516722,161.9688494178993,165.55711364746094
2022-03-03T00:00:00,167.45559801762653,167.89295108595337,164.55318194326242,165.2290802001953
2022-03-04T00:00:00,163.49955914260698,164.55317412062777,161.12395069523018,162.1875
2022-03-07T00:00:00,162.37637167206657,164.02638006217785,158.08237612675225,158.3408203125
2022-03-08T00:00:00,157.8636998139717,161.89925079167,154.8618799807095,156.49200439453125
2022-03-09T00:00:00,160.50767639012804,162.42606316984455,158.45014836585983,161.9688262939453
2022-03-10T00:00:00,159.235382898365,159.42424127592616,155.04079161864524,157.5655059814453
2022-03-11T00:00:00,157.97303221591724,158.32093083804352,153.5697137238872,153.79832458496094
2022-03-14T00:00:00,150.53806256604054,153.19198372488523,149.19620049709326,149.7130584716797
2022-03-15T00:00:00,149.99138511885175,154.6332791604779,149.47452709657287,154.15615844726562
2022-03-16T00:00:00,156.10437460149353,159.0366090474228,153.5299731325975,158.6290740966797
2022-03-17T00:00:00,157.6549707141929,160.03057932860565,156.68087578240636,159.65286254882812
2022-03-18T00:00:00,159.5435225538599,163.48961937630497,158.79803849672663,162.9926300048828
2022-03-21T00:00:00,162.52545058098246,165.34836159506293,162.0284612346395,164.3842010498047
2022-03-22T00:00:00,164.51341496156118,168.3998754552763,163.91703682073802,167.80349731445312
2022-03-23T00:00:00,166.9784857220504,171.6004805673529,166.64052144033712,169.18511962890625
2022-03-24T00:00:00,170.03001047844032,173.09146699125515,169.18513760168298,173.0218963623047
2022-03-25T00:00:00,172.83304542387023,174.22460973206827,171.70984448209458,173.66798400878906
2022-03-28T00:00:00,171.13330878964268,174.67187049008118,170.964334232814,174.54266357421875
2022-03-29T00:00:00,175.62611024791792,177.9321330937355,175.27821161373308,177.8824462890625
2022-03-30T00:00:00,177.4749177289686,178.52853282999885,175.63605088266362,176.69961547851562
2022-03-31T00:00:00,176.7691868156868,176.95804521510198,173.3498973041417,173.5586395263672
2022-04-01T00:00:00,172.98212416940794,173.8270121908666,170.9047121796906,173.26043701171875
2022-04-04T00:00:00,173.51889209815369,177.41528730216427,173.38966999649517,177.36558532714844
2022-04-05T00:00:00,176.43123102675108,177.22641707321185,173.36977460637007,174.00592041015625
2022-04-06T00:00:00,171.32217188536083,172.5845290998608,169.10560359814696,170.7953643798828
2022-04-07T00:00:00,170.12940544393604,172.31615564710734,168.82729571614863,171.10350036621094
2022-04-08T00:00:00,170.7456681863017,170.7456681863017,168.18120119540774,169.0658416748047
2022-04-11T00:00:00,167.69415198885,168.01221728385295,164.50347371051035,164.75196838378906
2022-04-12T00:00:00,167.00831513722943,168.8471667390665,165.63661959801297,166.65048217773438
2022-04-13T00:00:00,166.38210700020622,170.01012347221368,165.76584501141576,169.3739776611328
2022-04-14T00:00:00,169.5926472579075,170.2387425371213,164.04624408527485,164.29473876953125
2022-04-18T00:00:00,162.93299565418673,165.59686660363903,162.5851121901809,164.07608032226562
2022-04-19T00:00:00,164.02636980905078,166.8095132107186,162.92305284208967,166.39202880859375
2022-04-20T00:00:00,167.7438545674581,167.86314233535137,165.09988252194103,166.2230682373047
2022-04-21T00:00:00,167.892966214399,170.49718587075395,164.91102975283357,165.41795349121094
2022-04-22T00:00:00,165.4577208465741,166.85921945419156,160.5275792320129,160.81582641601562
2022-04-25T00:00:00,160.14986428523812,162.1875239207449,157.50589212348245,161.89927673339844
2022-04-26T00:00:00,161.2730780178561,161.3625324796247,155.77637586332793,155.85589599609375
2022-04-27T00:00:00,154.9712438880591,158.8278714564273,154.4444363185795,155.6272735595703
2022-04-28T00:00:00,158.29111233812597,163.52938447824857,157.97303186524098,162.65467834472656
2022-04-29T00:00:00,160.86550237392746,165.1992499295719,156.3031439736734,156.7007293701172
2022-05-02T00:00:00,155.76642239022547,157.2772592263467,152.34713293610744,157.00889587402344
2022-05-03T00:00:00,157.19773603328576,159.7423344186147,155.37876823541308,158.5197296142578
2022-05-04T00:00:00,158.70858413730792,165.4775769530988,158.30104921245848,165.02035522460938
2022-05-05T00:00:00,162.86343698354142,163.09204786717407,154.01701631696497,155.82606506347656
2022-05-06T00:00:00,155.2984710124174,158.71283551824965,153.47681537291112,156.56268310546875
2022-05-09T00:00:00,154.22339130095347,155.11929571384945,150.79909313781306,151.36648559570312
2022-05-10T00:00:00,154.8107011158029,156.02513809593762,152.23250216927008,153.8052978515625
2022-05-11T00:00:00,152.79992279990134,154.7410262732007,145.1449926410875,145.83184814453125
2022-05-12T00:00:00,142.11885420628667,145.53320326022177,138.16695949591633,141.90980529785156
2022-05-13T00:00:00,143.93054544384205,147.42454663946438,142.45729973034568,146.43905639648438
2022-05-16T00:00:00,144.8861695568001,146.8471858735665,143.52240760924636,144.87620544433594
2022-05-17T00:00:00,148.18108492014483,149.08693826812137,146.01101949253066,148.55935668945312
2022-05-18T00:00:00,146.1802465462499,146.68791504913003,139.2619322411955,140.17774963378906
2022-05-19T00:00:00,139.24204712299883,141.01392777251252,135.97700759878052,136.7235870361328
2022-05-20T00:00:00,138.45563746773132,140.05829521953785,132.00519557495096,136.9624786376953
2022-05-23T00:00:00,137.1615620217672,142.60661571397983,137.0222011399766,142.45730590820312
2022-05-24T00:00:00,140.16779324110706,141.32250637432628,136.70366903064638,139.7198486328125
2022-05-25T00:00:00,137.79864041261953,141.143316713921,137.70905453051603,139.87911987304688
2022-05-26T00:00:00,136.7633962007578,143.68169586193474,136.51453639144066,143.12425231933594
2022-05-27T00:00:00,144.7269029809294,148.99733041553594,144.5974910259061,148.95751953125
2022-05-31T00:00:00,148.39014055917926,149.97288536682532,146.17030003156708,148.1611785888672
2022-06-01T00:00:00,149.21634405825964,151.04796390256027,147.00646761098673,148.0317840576172
2022-06-02T00:00:00,147.15578107392005,150.58009440606662,146.1902038195928,150.52037048339844
2022-06-03T00:00:00,146.23000604486705,147.29513323335976,143.80114726142193,144.71694946289062
2022-06-06T00:00:00,146.35943583327517,147.89242082738866,144.23914531053285,145.47349548339844
2022-06-07T00:00:00,143.69166812927557,148.32045476955903,143.4428083058367,148.0317840576172
2022-06-08T00:00:00,147.90235419449328,149.18646404482885,146.78746718091847,147.28518676757812
2022-06-09T00:00:00,146.4092089443991,147.27523624455662,141.87995725002085,141.9894561767578
2022-06-10T00:00:00,139.64022054191815,140.11802714183258,136.43490485531302,136.5045928955078
2022-06-13T00:00:00,132.2639937045203,134.5833687240071,130.84052302477633,131.2785186767578
2022-06-14T00:00:00,132.5228180510515,133.27934633209432,130.88033435055627,132.1544952392578
2022-06-15T00:00:00,133.6775168702502,136.71360931786054,131.55724180781743,134.81231689453125
2022-06-16T00:00:00,131.47760344980713,131.7861871529731,128.4514599578914,129.46681213378906
2022-06-17T00:00:00,129.476781537977,132.473048004086,129.21795762988225,130.95997619628906
2022-06-21T00:00:00,132.8114824272878,136.43488013084254,132.7119476311587,135.25030517578125
2022-06-22T00:00:00,134.17523784405142,137.13169336771202,133.29926171091967,134.73269653320312
2022-06-23T00:00:00,136.19599006792677,137.95790640487849,135.01141506416644,137.63937377929688
2022-06-24T00:00:00,139.26194843016594,141.26279109304497,139.13255165313248,141.01393127441406
2022-06-27T00:00:00,142.0491814366715,142.83558696949592,140.32707574472116,141.01393127441406
2022-06-28T00:00:00,141.48178384613567,142.76589378071344,136.69372353862704,136.81317138671875
2022-06-29T00:00:00,136.83308470100044,140.0284361574898,136.04667919494787,138.59500122070312
2022-06-30T00:00:00,136.62403237492694,137.73891943613194,133.15990815675642,136.09645080566406
2022-07-01T00:00:00,135.41953761567962,138.4058551171261,135.04128106081654,138.29635620117188
2022-07-05T00:00:00,137.14167472284186,140.9641579367236,136.30549417858177,140.9143829345703
2022-07-06T00:00:00,140.7053264307131,143.46268187145327,140.436553613919,142.26815795898438
2022-07-07T00:00:00,142.63648401749376,145.88162570650832,142.62653509306523,145.6825408935547
2022-07-08T00:00:00,144.59748899170543,146.87705320681815,144.33868027449634,146.36936950683594
2022-07-11T00:00:00,145.00562870224846,145.97120595643963,143.12424919248153,144.2092742919922
2022-07-12T00:00:00,145.09519793899548,147.77293155179356,144.38844468301394,145.1947479248047
2022-07-13T00:00:00,142.33784867312522,145.7820596055233,141.4718062891649,144.82644653320312
2022-07-14T00:00:00,143.42288437822964,148.2706685102283,142.5966680044357,147.79286193847656
2022-07-15T00:00:00,149.0968715103857,150.1719475922931,147.52407586403203,149.48509216308594
2022-07-18T00:00:00,150.0525217913938,150.8787382124014,146.03093861418077,146.39926147460938
2022-07-19T00:00:00,147.24535544718992,150.54025656318242,146.23996738607792,150.31130981445312
2022-07-20T00:00:00,150.43076903149228,153.01891706137496,149.68418962162576,152.34201049804688
2022-07-21T00:00:00,153.7953501309987,154.86047732239646,151.2470283131448,154.6414794921875
2022-07-22T00:00:00,154.6812962845666,155.56723656273138,152.71033092658584,153.38722229003906
2022-07-25T00:00:00,153.30758929375963,154.3328904784987,151.58548369063433,152.25242614746094
2022-07-26T00:00:00,151.56556290464823,152.39177924035187,150.1122302190559,150.90858459472656
2022-07-27T00:00:00,151.88411487185436,156.61245106915064,151.46603223079703,156.0749053955078
2022-07-28T00:00:00,156.26404714882594,156.92104069055887,153.70577620848624,156.6323699951172
2022-07-29T00:00:00,160.5046172769359,162.88371628623167,158.7725476526149,161.76881408691406
2022-08-01T00:00:00,160.27565687493305,162.84389178157582,160.15620903389734,160.77337646484375
2022-08-02T00:00:00,159.36981346933962,161.66927546804612,158.9019558552344,159.28021240234375
2022-08-03T00:00:00,160.1064327289438,165.83020796615168,160.01684684889895,165.372314453125
2022-08-04T00:00:00,165.25285677560203,166.4274829346168,163.68006101069574,165.05377197265625
2022-08-05T00:00:00,162.69131039105352,165.32291962127968,162.48197109772286,164.8245086669922
2022-08-08T00:00:00,165.84125642570908,167.2766824108495,163.6781547045971,164.3460235595703
2022-08-09T00:00:00,163.49872517782944,165.2930075617619,162.73116808936774,164.39585876464844
2022-08-10T00:00:00,167.14709345439704,168.80182150404417,166.3695735679933,168.7021484375
2022-08-11T00:00:00,169.51953129530312,170.4465835793945,167.65547919403863,167.95452880859375
2022-08-12T00:00:00,169.28030209789867,171.6228244331093,168.86162351548464,171.5530548095703
2022-08-15T00:00:00,170.97489665354067,172.83894874040908,170.80543875567037,172.63958740234375
2022-08-16T00:00:00,172.2308818122952,173.15793406252746,171.114446183047,172.48008728027344
2022-08-17T00:00:00,172.2209279685229,175.59017572668876,172.02156662589755,173.99526977539062
2022-08-18T00:00:00,173.19780442533812,174.34414352158925,172.5698017635806,173.59652709960938
2022-08-19T00:00:00,172.48009490945282,173.18784516234604,170.7655599971013,170.9748992919922
2022-08-22T00:00:00,169.1507179794907,169.3201758846035,166.6088189822079,167.03746032714844
2022-08-23T00:00:00,166.54901489461727,168.17383955663962,166.12037354248244,166.6985321044922
2022-08-24T00:00:00,166.7882497685939,167.57573238726073,165.72164302084133,166.99757385253906
2022-08-25T00:00:00,168.2435966662045,169.5992750392858,167.8149705562579,169.4896240234375
2022-08-26T00:00:00,170.02791506649217,170.50638530914838,163.04018396568136,163.09999084472656
2022-08-29T00:00:00,160.63784647162018,162.38228483322453,159.31208670186084,160.86712646484375
2022-08-30T00:00:00,161.61475149324065,162.04337764106893,157.2187629379375,158.4049835205078
2022-08-31T00:00:00,159.80051286736014,160.06965903336808,156.64058933856774,156.7203369140625
2022-09-01T00:00:00,156.14218035699346,157.91652210568583,154.17844001541343,157.45799255371094
2022-09-02T00:00:00,159.24230009428894,159.85036206769303,154.47749258215669,155.3148193359375
2022-09-06T00:00:00,155.97271621882112,156.59074089905192,153.20155269029058,154.03887939453125
2022-09-07T00:00:00,154.32797907277038,156.17209052389492,153.12181784049147,155.46435546875
2022-09-08T00:00:00,154.14853685064924,155.86307172260464,152.19475924878316,153.9691162109375
2022-09-09T00:00:00,154.97590225915687,157.31843981204372,154.25818927317857,156.86985778808594
2022-09-12T00:00:00,159.0828062403022,163.73796277204346,158.79373457661734,162.9105987548828
2022-09-13T00:00:00,159.39181237199492,160.0297777661592,152.88256671878463,153.35107421875
2022-09-14T00:00:00,154.2980546051442,156.60072596178833,153.1218120686851,154.81640625
2022-09-15T00:00:00,154.1584948151664,154.74663127334506,150.8988982790863,151.8857421875
2022-09-16T00:00:00,150.72944296987112,150.8689974244765,147.89845727455574,150.22105407714844
2022-09-19T00:00:00,148.8354619988437,154.06877650068935,148.62613793653435,153.98902893066406
2022-09-20T00:00:00,152.91247523626416,157.57760969437513,152.59350013373685,156.40135192871094
2022-09-21T00:00:00,156.83995090867316,158.2355106664936,153.11184681301395,153.23146057128906
2022-09-22T00:00:00,151.8957211557263,153.9790752099598,150.43039179253188,152.25457763671875
2022-09-23T00:00:00,150.70949864101166,150.98860754349533,148.0878522959387,149.951904296875
2022-09-26T00:00:00,149.184359672814,153.28129802846505,149.1644189772054,150.29083251953125
2022-09-27T00:00:00,152.25459117131524,154.22829438707754,149.4734493938222,151.27769470214844
2022-09-28T00:00:00,147.17077972632435,150.1612453251066,144.37967545873536,149.36378479003906
2022-09-29T00:00:00,145.63568141888646,146.2537061115344,140.2328934936872,142.0271759033203
2022-09-30T00:00:00,140.83098574088635,142.64520875716596,137.561411382814,137.76077270507812
2022-10-03T00:00:00,137.77075379156528,142.61530856321642,137.25240217365317,141.9972686767578
2022-10-04T00:00:00,144.56907445151867,145.7552949093355,143.80151735346757,145.63568115234375
2022-10-05T00:00:00,143.61212619755543,146.91160397177816,142.5554822969383,145.93470764160156
2022-10-06T00:00:00,145.34660115048433,147.07109880642605,144.75847987046598,144.96780395507812
2022-10-07T00:00:00,142.08698598730314,142.6452190242337,139.00680998728507,139.644775390625
2022-10-10T00:00:00,139.97372436523438,141.43905372263615,138.12961304238414,139.97372436523438
2022-10-11T00:00:00,139.455373857875,140.90077774102062,137.78072041326573,138.53829956054688
2022-10-12T00:00:00,138.68782736060726,139.91391396398876,137.72090895972195,137.90032958984375
2022-10-13T00:00:00,134.56100748264458,143.13366757092444,133.94296749860055,142.53558349609375
2022-10-14T00:00:00,143.85136248803218,144.06070177451622,137.75081747437108,137.94021606445312
2022-10-17T00:00:00,140.6216750026474,142.44584572401777,139.82421442772264,141.95741271972656
2022-10-18T00:00:00,145.02762748233005,146.23377349496536,140.16313161639417,143.29315185546875
2022-10-19T00:00:00,141.23969978013898,144.4893337521676,141.05030118235993,143.40280151367188
2022-10-20T00:00:00,142.56547640821393,145.42635047441524,142.19664195183546,142.93429565429688
2022-10-21T00:00:00,142.41594577119247,147.3801299862693,142.19664372745996,146.80197143554688
2022-10-24T00:00:00,146.7222094733143,149.7525411828542,145.53598904675192,148.9750213623047
2022-10-25T00:00:00,149.61300086165943,152.00538263644177,148.88532510659155,151.85585021972656
2022-10-26T00:00:00,150.4802347559906,151.5069600554983,147.5695015382254,148.87535095214844
2022-10-27T00:00:00,147.5994250833106,148.57630628013624,143.67194438895876,144.33981323242188
2022-10-28T00:00:00,147.72901012268744,156.9994573107125,147.35022812424057,155.24505615234375
2022-10-31T00:00:00,152.67324049804895,153.7498099375138,151.43717590970908,152.8526611328125
2022-11-01T00:00:00,154.5871322591724,154.9559514714537,148.65604537292373,150.17120361328125
2022-11-02T00:00:00,148.4766164959247,151.68638417741636,144.5391730984064,144.56907653808594
2022-11-03T00:00:00,141.60851546422614,142.34616913959746,138.30903743720913,138.43862915039062
2022-11-04T00:00:00,141.87337223189732,142.45248981788646,134.17513508781377,138.16903686523438
2022-11-07T00:00:00,136.9009680696026,138.9378512618122,135.46316099956002,138.7082061767578
2022-11-08T00:00:00,140.19595465754696,141.21438874188797,137.2804079000758,139.28733825683594
2022-11-09T00:00:00,138.28885379755712,138.33878061859662,134.3848110193813,134.6643829345703
2022-11-10T00:00:00,141.0246811012293,146.64608764648438,139.2873282957614,146.64608764648438
2022-11-11T00:00:00,145.5976968693643,149.78129619085396,144.14989528403856,149.47177124023438
2022-11-14T00:00:00,148.7428903236262,150.0508907370346,147.20522958510344,148.05393981933594
2022-11-15T00:00:00,151.98793316773146,153.35583964941193,148.33350938945418,149.81124877929688
2022-11-16T00:00:00,148.90264936136032,149.64151144673716,147.06544294661816,148.5631561279297
2022-11-17T00:00:00,146.20676578312631,151.249070299437,145.92719385120074,150.490234375
2022-11-18T00:00:00,152.07780599909802,152.46721084756112,149.74137690831932,151.05935668945312
2022-11-21T00:00:00,149.9310789171737,150.14075023214048,147.49479635405007,147.7843475341797
2022-11-22T00:00:00,147.90417207850066,150.1906741367349,146.70598935984444,149.95103454589844
2022-11-23T00:00:00,149.22216569366014,151.5985423428866,149.11233277536326,150.83970642089844
2022-11-25T00:00:00,148.08389309478014,148.6530314202629,146.89570485921556,147.8842010498047
2022-11-28T00:00:00,144.9187329576504,146.41644620245273,143.16142156853874,144.00013732910156
2022-11-29T00:00:00,144.07002697444088,144.58923851402218,140.13604619898288,140.9547882080078
2022-11-30T00:00:00,141.1844241065441,148.49327179491166,140.33572910591766,147.8043212890625
2022-12-01T00:00:00,147.98405441772488,148.9026500113426,146.3864875898084,148.08389282226562
2022-12-02T00:00:00,145.73748529631726,147.7743685373902,145.42794510491697,147.58465576171875
2022-12-05T00:00:00,147.54472505394742,150.6899167027306,145.5477741060148,146.40646362304688
2022-12-06T00:00:00,146.8458004465448,147.07544554770604,141.70364243300787,142.692138671875
2022-12-07T00:00:00,141.97323784331442,143.1514316539594,139.7865739980885,140.7251434326172
2022-12-08T00:00:00,142.14297444003518,143.3012096900115,140.8849007802157,142.43252563476562
2022-12-09T00:00:00,142.12300136097016,145.34808824881955,140.68519417953706,141.9432830810547
2022-12-12T00:00:00,142.48244994808528,144.2797088844082,140.84495074733036,144.2697296142578
2022-12-13T00:00:00,149.2720849650318,149.74136966169044,144.02010940021566,145.24822998046875
2022-12-14T00:00:00,145.1284209340085,146.43642140956896,140.94480612495332,142.99168395996094
2022-12-15T00:00:00,140.8948731264304,141.5838236332574,135.8226159485364,136.29190063476562
2022-12-16T00:00:00,136.48161611453304,137.4401440456549,133.52612198326594,134.304931640625
2022-12-19T00:00:00,134.90402599847008,134.99388513733263,131.1198105407187,132.16819763183594
2022-12-20T00:00:00,131.18969601172026,133.04686106071304,129.69198275400117,132.0983123779297
2022-12-21T00:00:00,132.77726411897868,136.60142700841098,132.5476190261614,135.24349975585938
2022-12-22T00:00:00,134.14519029767675,134.35486162199837,130.10136145210436,132.02841186523438
2022-12-23T00:00:00,130.7204119064058,132.21812517101014,129.44236447278556,131.6589813232422
2022-12-27T00:00:00,131.17971990929533,131.20967295633088,128.52377134494225,129.83177185058594
2022-12-28T00:00:00,129.4723179852512,130.83024529280124,125.67811560525496,125.8478546142578
2022-12-29T00:00:00,127.79488144356102,130.28108338985564,127.5352832895518,129.41241455078125
2022-12-30T00:00:00,128.21424649852997,129.75189211151405,127.23573712704906,129.73191833496094
2023-01-03T00:00:00,130.0813821153808,130.70043202714172,123.98069642634582,124.87932586669922
2023-01-04T00:00:00,126.6965568291842,128.46386274747897,124.88931859412936,126.16736602783205
2023-01-05T00:00:00,126.93618294652792,127.5752066338182,124.56980097313728,124.82939910888672
2023-01-06T00:00:00,125.81790413062512,130.09137057812316,124.6996087905207,129.42239379882812
2023-01-09T00:00:00,130.2711033442867,133.20662383400455,129.6919857098399,129.9515838623047
2023-01-10T00:00:00,130.06141596956084,131.05989149124323,127.92467896258157,130.53070068359375
2023-01-11T00:00:00,131.04990843469568,133.30645756371482,130.26111949898726,133.2864990234375
2023-01-12T00:00:00,133.67590396354706,134.05531429097095,131.23962132138743,133.2066192626953
2023-01-13T00:00:00,131.82871637703568,134.7143099041903,131.45928532488415,134.55455017089844
2023-01-17T00:00:00,134.6244491893705,137.08069030895024,133.9255194088204,135.73275756835938
2023-01-18T00:00:00,136.61142185723642,138.3986862545701,134.82414222437606,135.00387573242188
2023-01-19T00:00:00,133.87559348561894,136.0422834376098,133.56606852612407,135.06378173828125
2023-01-20T00:00:00,135.07375754109984,137.80958575653864,134.01537600269344,137.65980529785156
2023-01-23T00:00:00,137.90943489209988,143.10151982010217,137.68976905735235,140.89488220214844
2023-01-24T00:00:00,140.09609676574968,142.94175807149068,140.08611749541132,142.31271362304688
2023-01-25T00:00:00,140.67521532029858,142.21286091655844,138.5983844116618,141.64373779296875
2023-01-26T00:00:00,142.95173537461514,144.03009074188174,141.68366722483955,143.74053955078125
2023-01-27T00:00:00,142.94175342031997,147.0055407027821,142.86187355363052,145.70751953125
2023-01-30T00:00:00,144.73901638047855,145.32811327382328,142.63223244863647,142.78199768066406
2023-01-31T00:00:00,142.4824502012381,144.1199494049024,142.06309232127214,144.0700225830078
2023-02-01T00:00:00,143.75051679449606,146.38649146547874,141.10456285345305,145.20828247070312
2023-02-02T00:00:00,148.6730014512102,150.9495244580467,147.9441185747257,150.590087890625
2023-02-03T00:00:00,147.80432760381535,157.14007965824945,147.60463555016733,154.26446533203125
2023-02-06T00:00:00,152.33741876747337,152.86660957898343,150.5501390387279,151.49868774414062
2023-02-07T00:00:00,150.4103490669821,154.99334796631518,150.4103490669821,154.4142303466797
2023-02-08T00:00:00,153.645419005558,154.3443488275137,150.93954362313198,151.6884002685547
2023-02-09T00:00:00,153.54556685880317,154.09473145125077,150.19068844511045,150.63999938964844
2023-02-10T00:00:00,149.4600067138672,151.33999633789062,149.22000122070312,151.00999450683594
2023-02-13T00:00:00,150.9499969482422,154.25999450683594,150.9199981689453,153.85000610351562
2023-02-14T00:00:00,152.1199951171875,153.77000427246094,150.86000061035156,153.1999969482422
2023-02-15T00:00:00,153.11000061035156,155.5,152.8800048828125,155.3300018310547
2023-02-16T00:00:00,153.50999450683594,156.3300018310547,153.35000610351562,153.7100067138672
2023-02-17T00:00:00,152.35000610351562,153,150.85000610351562,152.5500030517578
2023-02-21T00:00:00,150.1999969482422,151.3000030517578,148.41000366210938,148.47999572753906
2023-02-22T00:00:00,148.8699951171875,149.9499969482422,147.16000366210938,148.91000366210938
2023-02-23T00:00:00,150.08999633789062,150.33999633789062,147.24000549316406,149.39999389648438
2023-02-24T00:00:00,147.11000061035156,147.19000244140625,145.72000122070312,146.7100067138672
2023-02-27T00:00:00,147.7100067138672,149.1699981689453,147.4499969482422,147.9199981689453
2023-02-28T00:00:00,147.0500030517578,149.0800018310547,146.8300018310547,147.41000366210938
2023-03-01T00:00:00,146.8300018310547,147.22999572753906,145.00999450683594,145.30999755859375
2023-03-02T00:00:00,144.3800048828125,146.7100067138672,143.89999389648438,145.91000366210938
2023-03-03T00:00:00,148.0399932861328,151.11000061035156,147.3300018310547,151.02999877929688
2023-03-06T00:00:00,153.7899932861328,156.3000030517578,153.4600067138672,153.8300018310547
2023-03-07T00:00:00,153.6999969482422,154.02999877929688,151.1300048828125,151.60000610351562
2023-03-08T00:00:00,152.80999755859375,153.47000122070312,151.8300018310547,152.8699951171875
2023-03-09T00:00:00,153.55999755859375,154.5399932861328,150.22999572753906,150.58999633789062
2023-03-10T00:00:00,150.2100067138672,150.94000244140625,147.61000061035156,148.5
2023-03-13T00:00:00,147.80999755859375,153.13999938964844,147.6999969482422,150.47000122070312
2023-03-14T00:00:00,151.27999877929688,153.39999389648438,150.10000610351562,152.58999633789062
2023-03-15T00:00:00,151.19000244140625,153.25,149.9199981689453,152.99000549316406
2023-03-16T00:00:00,152.16000366210938,156.4600067138672,151.63999938964844,155.85000610351562
2023-03-17T00:00:00,156.0800018310547,156.74000549316406,154.27999877929688,155
2023-03-20T00:00:00,155.07000732421875,157.82000732421875,154.14999389648438,157.39999389648438
2023-03-21T00:00:00,157.32000732421875,159.39999389648438,156.5399932861328,159.27999877929688
2023-03-22T00:00:00,159.3000030517578,162.13999938964844,157.80999755859375,157.8300018310547
2023-03-23T00:00:00,158.8300018310547,161.5500030517578,157.67999267578125,158.92999267578125
2023-03-24T00:00:00,158.86000061035156,160.33999633789062,157.85000610351562,160.25
2023-03-27T00:00:00,159.94000244140625,160.77000427246094,157.8699951171875,158.27999877929688
2023-03-28T00:00:00,157.97000122070312,158.49000549316406,155.97999572753906,157.64999389648438
2023-03-29T00:00:00,159.3699951171875,161.0500030517578,159.35000610351562,160.77000427246094
2023-03-30T00:00:00,161.52999877929688,162.47000122070312,161.27000427246094,162.36000061035156
2023-03-31T00:00:00,162.44000244140625,165,161.91000366210938,164.89999389648438
2023-04-03T00:00:00,164.27000427246094,166.2899932861328,164.22000122070312,166.1699981689453
2023-04-04T00:00:00,166.60000610351562,166.83999633789062,165.11000061035156,165.6300048828125
2023-04-05T00:00:00,164.74000549316406,165.0500030517578,161.8000030517578,163.75999450683594
2023-04-06T00:00:00,162.42999267578125,164.9600067138672,162,164.66000366210938
2023-04-10T00:00:00,161.4199981689453,162.02999877929688,160.0800018310547,162.02999877929688
2023-04-11T00:00:00,162.35000610351562,162.36000061035156,160.50999450683594,160.8000030517578
2023-04-12T00:00:00,161.22000122070312,162.05999755859375,159.77999877929688,160.10000610351562
2023-04-13T00:00:00,161.6300048828125,165.8000030517578,161.4199981689453,165.55999755859375
2023-04-14T00:00:00,164.58999633789062,166.32000732421875,163.82000732421875,165.2100067138672
2023-04-17T00:00:00,165.08999633789062,165.38999938964844,164.02999877929688,165.22999572753906
2023-04-18T00:00:00,166.10000610351562,167.41000366210938,165.64999389648438,166.47000122070312
2023-04-19T00:00:00,165.8000030517578,168.16000366210938,165.5399932861328,167.6300048828125
2023-04-20T00:00:00,166.08999633789062,167.8699951171875,165.55999755859375,166.64999389648438
2023-04-21T00:00:00,165.0500030517578,166.4499969482422,164.49000549316406,165.02000427246094
2023-04-24T00:00:00,165,165.60000610351562,163.88999938964844,165.3300018310547
2023-04-25T00:00:00,165.19000244140625,166.30999755859375,163.72999572753906,163.77000427246094
2023-04-26T00:00:00,163.05999755859375,165.27999877929688,162.8000030517578,163.75999450683594
2023-04-27T00:00:00,165.19000244140625,168.55999755859375,165.19000244140625,168.41000366210938
2023-04-28T00:00:00,168.49000549316406,169.85000610351562,167.8800048828125,169.67999267578125
2023-05-01T00:00:00,169.27999877929688,170.4499969482422,168.63999938964844,169.58999633789062
2023-05-02T00:00:00,170.08999633789062,170.35000610351562,167.5399932861328,168.5399932861328
2023-05-03T00:00:00,169.5,170.9199981689453,167.16000366210938,167.4499969482422
2023-05-04T00:00:00,164.88999938964844,167.0399932861328,164.30999755859375,165.7899932861328
