x,gdp_growth
1993-05-01,6.12584880036214
1993-06-01,5.95216622776954
1993-07-01,6.12079958332586
1993-08-01,6.05778858532399
1993-09-01,6.34284999195523
1993-10-01,6.54373775164795
1993-11-01,6.85240429007744
1993-12-01,6.71088706111258
1994-01-01,6.48508204439641
1994-02-01,6.27780181739507
1994-03-01,6.09409209233371
1994-04-01,6.09411159681152
1994-05-01,5.83708708708712
1994-06-01,5.74376085254163
1994-07-01,5.30404319054951
1994-08-01,5.09137500842943
1994-09-01,4.88862738505506
1994-10-01,4.73387622694515
1994-11-01,4.28915662650602
1994-12-01,4.33953819887618
1995-01-01,4.55408901843904
1995-02-01,4.57476955148041
1995-03-01,4.82272269344512
1995-04-01,4.68250121182743
1995-05-01,4.36731206371213
1995-06-01,3.99896966965032
1995-07-01,3.85721862393725
1995-08-01,4.09554671457905
1995-09-01,4.14149023127596
1995-10-01,4.09681642558354
1995-11-01,3.96774810376695
1995-12-01,3.54584015123833
1996-01-01,2.56237567935846
1996-02-01,2.58055473361262
1996-03-01,2.4662842970082
1996-04-01,2.84620608754709
1996-05-01,3.31335537087953
1996-06-01,3.48606811145512
1996-07-01,3.60563903375065
1996-08-01,3.47978856200591
1996-09-01,3.32887021561474
1996-10-01,2.9187116564417
1996-11-01,3.03620145296265
1996-12-01,3.19121189340125
1997-01-01,3.33521677381916
1997-02-01,2.90581162324649
1997-03-01,2.67772045808686
1997-04-01,2.02305198703325
1997-05-01,2.25767384836209
1997-06-01,2.03584036378865
1997-07-01,1.91333960657796
1997-08-01,2.10284897314845
1997-09-01,2.04944891271971
1997-10-01,2.05057896070222
1997-11-01,2.26694631621224
1997-12-01,2.45915044826715
1998-01-01,1.97880798616756
1998-02-01,1.76005429169987
1998-03-01,1.90066449588191
1998-04-01,2.46395998823183
1998-05-01,2.47978594300586
1998-06-01,2.88214856405674
1998-07-01,3.0674756712393
1998-08-01,2.59338671800931
1998-09-01,2.53517426586489
1998-10-01,2.95711093912004
1998-11-01,3.05450102543962
1998-12-01,3.17501777603646
1999-01-01,2.69686693910675
1999-02-01,2.7763682493657
1999-03-01,2.9380720348173
1999-04-01,2.85837341181536
1999-05-01,2.34273566465493
1999-06-01,2.36822981233701
1999-07-01,2.13295414148596
1999-08-01,1.95629611726401
1999-09-01,2.05542823794001
1999-10-01,1.97151934642004
1999-11-01,2.0634853424793
1999-12-01,1.9577783716122
2000-01-01,2.09406352745283
2000-02-01,1.82818451121457
2000-03-01,1.54790499065919
2000-04-01,2.08246098875025
2000-05-01,2.53586315540003
2000-06-01,2.89110674962767
2000-07-01,3.25234946049425
2000-08-01,3.45404598887231
2000-09-01,3.38368411509548
2000-10-01,3.5204606782207
2000-11-01,3.73376847869678
2000-12-01,3.86106244740873
2001-01-01,4.44776160661222
2001-02-01,4.81533815421273
2001-03-01,5.11653641330661
2001-04-01,4.49150920178294
2001-05-01,4.77498300475867
2001-06-01,4.52528477502096
2001-07-01,4.30010382815765
2001-08-01,4.05849844992587
2001-09-01,4.11613129527947
2001-10-01,4.09539805172995
2001-11-01,3.96597923026674
2001-12-01,3.78393454815916
2002-01-01,3.56892376503592
2002-02-01,3.26319684914488
2002-03-01,3.2555201726452
2002-04-01,3.50941470499717
2002-05-01,3.32848874931873
2002-06-01,3.39230938482844
2002-07-01,3.45313510019393
2002-08-01,3.72922630535873
2002-09-01,3.70461554409515
2002-10-01,3.97041549959341
2002-11-01,4.03267169308098
2002-12-01,3.97230647163462
2003-01-01,3.95957376127564
2003-02-01,4.12256338713186
2003-03-01,3.74802467247796
2003-04-01,3.70393780418432
2003-05-01,3.60430507240006
2003-06-01,3.26598567923488
2003-07-01,2.78676847327577
2003-08-01,2.76098901098902
2003-09-01,3.01625579448479
2003-10-01,2.91251288035853
2003-11-01,2.45522783577584
2003-12-01,2.37306911194536
2004-01-01,2.2282308117741
2004-02-01,2.08968433474285
2004-03-01,2.25405053495314
2004-04-01,2.33680746023039
2004-05-01,2.42917924288158
2004-06-01,2.66446850035763
2004-07-01,2.77200277200278
2004-08-01,2.36477865137135
2004-09-01,2.08982740427183
2004-10-01,2.19313589480667
2004-11-01,2.46736842105263
2004-12-01,2.48758611568657
2005-01-01,2.01615811873333
2005-02-01,2.12758271926022
2005-03-01,2.2404017106338
2005-04-01,2.06784829426339
2005-05-01,1.82719731127441
2005-06-01,1.62354913745263
2005-07-01,2.12229832842388
2005-08-01,2.59149779787981
2005-09-01,2.8703813710348
2005-10-01,2.68907959817266
2005-11-01,2.55940640556024
2005-12-01,2.58088735599821
2006-01-01,2.7022567909964
2006-02-01,2.95688466027659
2006-03-01,3.90088004793852
2006-04-01,3.73214452432078
2006-05-01,3.74571445174038
2006-06-01,3.67160086445286
2006-07-01,3.12076455256299
2006-08-01,2.8488775746355
2006-09-01,3.08017462407319
2006-10-01,2.67269027830466
2006-11-01,2.38220614497
2006-12-01,2.5079481256147
2007-01-01,2.57263505760316
2007-02-01,2.34520824029224
2007-03-01,2.33181422384059
2007-04-01,2.73608892289
2007-05-01,2.44544517632296
2007-06-01,2.44099253580794
2007-07-01,2.38263741448454
2007-08-01,2.05553430390856
2007-09-01,2.08620438528677
2007-10-01,2.57512651708539
2007-11-01,2.79190938873174
2007-12-01,2.68087242706531
2008-01-01,2.83253160308759
2008-02-01,2.85986013986013
2008-03-01,3.0953354477241
2008-04-01,2.48143848967345
2008-05-01,2.78072410361834
2008-06-01,3.34886875847886
2008-07-01,3.04805793285057
2008-08-01,3.01513631502938
2008-09-01,3.10376996103825
2008-10-01,2.38168005588544
2008-11-01,1.37707485805035
2008-12-01,0.780112562202574
2009-01-01,0.258915167206972
2009-02-01,0.195799023180437
2009-03-01,-0.481284568880505
2009-04-01,-0.543896392545734
2009-05-01,-1.17135136285294
2009-06-01,-1.59000688085536
2009-07-01,-1.54283523925127
2009-08-01,-1.3302084671033
2009-09-01,-1.66483931745845
2009-10-01,-1.45738715111197
2009-11-01,-0.591201716738195
2009-12-01,-0.0463581870714616
2010-01-01,0.116102430555553
2010-02-01,0.20301592643657
2010-03-01,0.566547828053804
2010-04-01,0.724147193123806
2010-05-01,1.05820675400729
2010-06-01,1.17466088658931
2010-07-01,1.88820036985369
2010-08-01,1.98045574343012
2010-09-01,1.97014472986284
2010-10-01,2.34769720115546
2010-11-01,2.28604733996049
2010-12-01,2.51528911803091
2011-01-01,3.6036719520522
2011-02-01,3.56345749637046
2011-03-01,4.02274844969958
2011-04-01,4.03737639868161
2011-05-01,3.84336784694703
2011-06-01,3.4054542554888
2011-07-01,3.15236427320489
2011-08-01,2.90554840630882
2011-09-01,3.55523943990913
2011-10-01,4.19868711747233
2011-11-01,3.93385883271604
2011-12-01,3.61197327581672
2012-01-01,3.5107540379948
2012-02-01,3.59986190590772
2012-03-01,3.14851994851994
2012-04-01,3.0051059117846
2012-05-01,2.69685281687253
2012-06-01,2.71031688909909
2012-07-01,2.77100375572363
2012-08-01,3.07671637780464
2012-09-01,2.88063312420554
2012-10-01,2.13040081969709
2012-11-01,1.8894360119803
2012-12-01,1.91921038201425
2013-01-01,0.174839309536315
2013-02-01,-0.0262552005493507
2013-03-01,0.45416887096614
2013-04-01,0.183148360125418
2013-05-01,0.707200863024774
2013-06-01,0.980038841171641
2013-07-01,0.75792466809507
2013-08-01,0.153404989171402
2013-09-01,0.115586201398973
2013-10-01,-0.246342117548901
2013-11-01,-0.153453704810881
2013-12-01,0.195281364578357
2014-01-01,0.0585143410579176
2014-02-01,-0.0828266095634366
2014-03-01,-0.36566704425765
2014-04-01,-0.141084362487449
2014-05-01,-0.438400730006654
2014-06-01,-0.419339169054169
2014-07-01,-0.872459879763489
2014-08-01,-0.359398932815411
2014-09-01,-0.373230885602241
2014-10-01,0.0039830719442421
2014-11-01,0.0189616973713176
2014-12-01,-0.356986595600797
2015-01-01,-0.393228405206745
2015-02-01,-0.207238172260413
2015-03-01,0.310162561085084
2015-04-01,0.397982230093404
2015-05-01,0.954382888851276
2015-06-01,0.802389248382297
2015-07-01,0.766863478252134
2015-08-01,0.658093037275202
2015-09-01,0.875133617718443
2015-10-01,0.633283215007607
2015-11-01,0.643577693297818
2015-12-01,0.397185769173192
2016-01-01,0.780451264816922
2016-02-01,0.404193891505854
2016-03-01,0.449389049621675
2016-04-01,0.475685532222752
2016-05-01,0.332553756278536
2016-06-01,0.546140475626125
2016-07-01,0.610811563637828
2016-08-01,0.723661226730535
2016-09-01,0.629858875959408
2016-10-01,0.884579231187846
2016-11-01,0.575020323994195
2016-12-01,0.877707424231881
2017-01-01,1.33085576536761
2017-02-01,1.55275743083722
2017-03-01,1.36984945512853
2017-04-01,1.97855740874076
2017-05-01,1.45071503039125
2017-06-01,0.908564075867553
2017-07-01,0.901756051257699
2017-08-01,1.13566544445544
2017-09-01,1.38961332926553
2017-10-01,1.39173589383968
2017-11-01,1.54959288685607
2017-12-01,1.46621208836688
2018-01-01,1.03186796847897
2018-02-01,0.577230683635838
2018-03-01,0.688362283605266
2018-04-01,0.396545220662909
2018-05-01,1.04315116966718
2018-06-01,1.51653785504314
2018-07-01,1.57572906867357
2018-08-01,1.21697891353768
2018-09-01,1.39774613435834
2018-10-01,0.95861788775175
2018-11-01,0.858102467529941
2018-12-01,0.664245343484748
2019-01-01,0.475835410003327
2019-02-01,0.939407708872532
2019-03-01,0.84657008203877
2019-04-01,0.770690635145419
2019-05-01,0.421204125689624
2019-06-01,0.387373911709414
2019-07-01,-0.315466543181293
2019-08-01,-0.0851904199500486
2019-09-01,-0.112001378478493
2019-10-01,0.0153302225756887
2019-11-01,0.316644530422912
2019-12-01,0.419649231125458
2020-01-01,0.799718780209164
2020-02-01,0.37970347898418
2020-03-01,0.0471176498870044
2020-04-01,-0.218922975440473
2020-05-01,-0.724222273178935
2020-06-01,0.125124169022689
2020-07-01,0.142264030427076
2020-08-01,-0.0116267803507561
2020-09-01,-0.139919115251181
2020-10-01,-0.0718494036499616
2020-11-01,-0.220663718087703
2020-12-01,-0.229602374799479
2021-01-01,0.301269010946411
2021-02-01,0.48160822048687
2021-03-01,0.454615355042074
2021-04-01,0.552819667733341
2021-05-01,1.24439397147422
2021-06-01,0.507502838009303
2021-07-01,1.46604043449689
2021-08-01,1.53588247834262
2021-09-01,1.47888675623799
2021-10-01,1.83108043332375
2021-11-01,2.58362900356726
2021-12-01,2.74423710208562
2022-01-01,3.33973981321411
2022-02-01,4.19435900918821
2022-03-01,5.33119014131672
2022-04-01,7.20431439433643
2022-05-01,7.99912546697213
2022-06-01,8.72730378989928
2022-07-01,9.06060404026935
2022-08-01,8.94419896357234
2022-09-01,9.28116813724102
2022-10-01,10.139333458859
2022-11-01,9.936450209958
2022-12-01,9.59289248762933
2023-01-01,8.36269497845774
2023-02-01,8.24750907905765
