x,US Dollars per Capita
1994-01-01,27660.268357
1995-01-01,28657.512716
1996-01-01,29932.157767
1997-01-01,31424.438925
1998-01-01,32817.981996
1999-01-01,34479.794364
2000-01-01,36299.662179
2001-01-01,37100.285739
2002-01-01,37954.222014
2003-01-01,39419.907372
2004-01-01,41659.662691
2005-01-01,44052.382996
2006-01-01,46234.10571
2007-01-01,47976.201209
2008-01-01,48498.445211
2009-01-01,47122.988543
2010-01-01,48570.289731
2011-01-01,49951.907651
2012-01-01,51644.991659
2013-01-01,53116.521969
2014-01-01,54914.368228
2015-01-01,56520.609227
2016-01-01,57592.691515
2017-01-01,59589.233923
2018-01-01,62449.612827
2019-01-01,64690.272395
2020-01-01,63480.861222
2021-01-01,70181.12175
2022-01-01,76359.99952
